Datum,Vodostaj [cm],Pretok [m³/s],Temperatura vode [°C]
31.07.2023 01:30,133,1.84,17.7
31.07.2023 02:00,132,1.73,17.7
31.07.2023 02:30,132,1.73,17.6
31.07.2023 03:00,131,1.62,17.6
31.07.2023 03:30,131,1.62,17.5
31.07.2023 04:00,130,1.52,17.5
31.07.2023 04:30,130,1.52,17.5
31.07.2023 05:00,131,1.62,17.4
31.07.2023 05:30,130,1.52,17.4
31.07.2023 06:00,130,1.52,17.3
31.07.2023 06:30,130,1.52,17.3
31.07.2023 07:00,130,1.52,17.3
31.07.2023 07:30,130,1.52,17.2
31.07.2023 08:00,129,1.41,17.2
31.07.2023 08:30,129,1.41,17.2
31.07.2023 09:00,129,1.41,17.1
31.07.2023 09:30,129,1.41,17.1
31.07.2023 10:00,129,1.41,17.0
31.07.2023 10:30,128,1.31,17.0
31.07.2023 11:00,128,1.31,17.0
31.07.2023 11:30,128,1.31,17.0
31.07.2023 12:00,129,1.41,17.0
31.07.2023 12:30,128,1.31,16.9
31.07.2023 13:00,128,1.31,16.9
31.07.2023 13:30,128,1.31,16.9
31.07.2023 14:00,128,1.31,16.9
31.07.2023 14:30,127,1.21,16.9
31.07.2023 15:00,127,1.21,16.9
31.07.2023 15:30,127,1.21,16.9
31.07.2023 16:00,127,1.21,16.9
31.07.2023 16:30,127,1.21,16.9
31.07.2023 17:00,127,1.21,16.9
31.07.2023 17:30,127,1.21,16.8
31.07.2023 18:00,126,1.12,16.8
31.07.2023 18:30,126,1.12,16.8
31.07.2023 19:00,126,1.12,16.8
31.07.2023 19:30,126,1.12,16.8
31.07.2023 20:00,126,1.12,16.8
31.07.2023 20:30,125,1.03,16.8
31.07.2023 21:00,125,1.03,16.7
31.07.2023 21:30,125,1.03,16.7
31.07.2023 22:00,125,1.03,16.7
31.07.2023 22:30,125,1.03,16.7
31.07.2023 23:00,125,1.03,16.6
31.07.2023 23:30,125,1.03,16.6
01.08.2023 00:00,125,1.03,16.6
01.08.2023 00:30,124,0.932,16.5
01.08.2023 01:00,124,0.932,16.4
01.08.2023 01:30,125,1.03,16.4
01.08.2023 02:00,125,1.03,16.3
01.08.2023 02:30,124,0.932,16.3
01.08.2023 03:00,124,0.932,16.2
01.08.2023 03:30,125,1.03,16.1
01.08.2023 04:00,124,0.932,16.1
01.08.2023 04:30,124,0.932,16.0
01.08.2023 05:00,124,0.932,16.0
01.08.2023 05:30,124,0.932,15.9
01.08.2023 06:00,124,0.932,15.8
01.08.2023 06:30,124,0.932,15.8
01.08.2023 07:00,123,0.845,15.8
01.08.2023 07:30,125,1.03,15.7
01.08.2023 08:00,123,0.845,15.7
01.08.2023 08:30,124,0.932,15.6
01.08.2023 09:00,123,0.845,15.6
01.08.2023 09:30,124,0.932,15.6
01.08.2023 10:00,124,0.932,15.6
01.08.2023 10:30,123,0.845,15.6
01.08.2023 11:00,124,0.932,15.6
01.08.2023 11:30,123,0.845,15.6
01.08.2023 12:00,123,0.845,15.6
01.08.2023 12:30,123,0.845,15.6
01.08.2023 13:00,123,0.845,15.6
01.08.2023 13:30,123,0.845,15.6
01.08.2023 14:00,123,0.845,15.7
01.08.2023 14:30,123,0.845,15.7
01.08.2023 15:00,123,0.845,15.7
01.08.2023 15:30,123,0.845,15.7
01.08.2023 16:00,123,0.845,15.7
01.08.2023 16:30,123,0.845,15.7
01.08.2023 17:00,123,0.845,15.8
01.08.2023 17:30,123,0.845,15.8
01.08.2023 18:00,122,0.765,15.7
01.08.2023 18:30,123,0.845,15.8
01.08.2023 19:00,123,0.845,15.8
01.08.2023 19:30,123,0.845,15.8
01.08.2023 20:00,125,1.03,15.7
01.08.2023 20:30,128,1.31,15.7
01.08.2023 21:00,128,1.31,15.8
01.08.2023 21:30,126,1.12,15.9
01.08.2023 22:00,128,1.31,16.0
01.08.2023 22:30,131,1.62,16.2
01.08.2023 23:00,131,1.62,17.1
01.08.2023 23:30,131,1.62,17.6
02.08.2023 00:00,129,1.41,17.8
02.08.2023 00:30,128,1.31,17.8
02.08.2023 01:00,128,1.31,17.7
02.08.2023 01:30,128,1.31,17.6
02.08.2023 02:00,131,1.62,17.6
02.08.2023 02:30,132,1.73,17.6
02.08.2023 03:00,133,1.84,17.6
02.08.2023 03:30,131,1.62,17.6
02.08.2023 04:00,131,1.62,17.6
02.08.2023 04:30,131,1.62,17.5
02.08.2023 05:00,132,1.73,17.5
02.08.2023 05:30,132,1.73,17.4
02.08.2023 06:00,133,1.84,17.4
02.08.2023 06:30,134,1.96,17.2
02.08.2023 07:00,136,2.19,17.1
02.08.2023 07:30,138,2.44,17.0
02.08.2023 08:00,140,2.70,16.9
02.08.2023 08:30,142,2.96,16.5
02.08.2023 09:00,143,3.09,16.6
02.08.2023 09:30,144,3.23,17.1
02.08.2023 10:00,145,3.37,16.8
02.08.2023 10:30,145,3.37,16.3
02.08.2023 11:00,146,3.51,15.8
02.08.2023 11:30,146,3.51,15.4
02.08.2023 12:00,146,3.51,15.1
02.08.2023 12:30,146,3.51,14.9
02.08.2023 13:00,147,3.65,14.9
02.08.2023 13:30,147,3.65,14.8
02.08.2023 14:00,147,3.65,14.6
02.08.2023 14:30,147,3.65,14.6
02.08.2023 15:00,147,3.65,14.5
02.08.2023 15:30,147,3.65,14.4
02.08.2023 16:00,147,3.65,14.3
02.08.2023 16:30,146,3.51,14.2
02.08.2023 17:00,146,3.51,14.1
02.08.2023 17:30,146,3.51,14.0
02.08.2023 18:00,146,3.51,13.9
02.08.2023 18:30,146,3.51,13.9
02.08.2023 19:00,146,3.51,13.8
02.08.2023 19:30,147,3.65,13.7
02.08.2023 20:00,147,3.65,13.6
02.08.2023 20:30,147,3.65,13.5
02.08.2023 21:00,148,3.80,13.4
02.08.2023 21:30,148,3.80,13.3
02.08.2023 22:00,148,3.80,13.2
02.08.2023 22:30,149,3.94,13.1
02.08.2023 23:00,148,3.80,13.0
02.08.2023 23:30,147,3.65,13.0
03.08.2023 00:00,148,3.80,12.9
03.08.2023 00:30,148,3.80,12.9
03.08.2023 01:00,148,3.80,12.8
03.08.2023 01:30,148,3.80,12.8
03.08.2023 02:00,147,3.65,12.7
03.08.2023 02:30,147,3.65,12.6
03.08.2023 03:00,147,3.65,12.6
03.08.2023 03:30,147,3.65,12.5
03.08.2023 04:00,149,3.94,12.5
03.08.2023 04:30,147,3.65,12.4
03.08.2023 05:00,147,3.65,12.4
03.08.2023 05:30,148,3.80,12.3
03.08.2023 06:00,148,3.80,12.3
03.08.2023 06:30,149,3.94,12.3
03.08.2023 07:00,147,3.65,12.2
03.08.2023 07:30,147,3.65,12.2
03.08.2023 08:00,148,3.80,12.2
03.08.2023 08:30,147,3.65,12.2
03.08.2023 09:00,147,3.65,12.2
03.08.2023 09:30,147,3.65,12.1
03.08.2023 10:00,147,3.65,12.1
03.08.2023 10:30,147,3.65,12.1
03.08.2023 11:00,147,3.65,12.1
03.08.2023 11:30,147,3.65,12.1
03.08.2023 12:00,147,3.65,12.1
03.08.2023 12:30,147,3.65,12.1
03.08.2023 13:00,147,3.65,12.1
03.08.2023 13:30,147,3.65,12.1
03.08.2023 14:00,147,3.65,12.1
03.08.2023 14:30,147,3.65,12.1
03.08.2023 15:00,148,3.80,12.2
03.08.2023 15:30,147,3.65,12.2
03.08.2023 16:00,147,3.65,12.2
03.08.2023 16:30,147,3.65,12.2
03.08.2023 17:00,146,3.51,12.2
03.08.2023 17:30,146,3.51,12.2
03.08.2023 18:00,146,3.51,12.3
03.08.2023 18:30,146,3.51,12.3
03.08.2023 19:00,146,3.51,12.3
03.08.2023 19:30,146,3.51,12.3
03.08.2023 20:00,146,3.51,12.2
03.08.2023 20:30,146,3.51,12.2
03.08.2023 21:00,146,3.51,12.2
03.08.2023 21:30,146,3.51,12.2
03.08.2023 22:00,146,3.51,12.2
03.08.2023 22:30,146,3.51,12.1
03.08.2023 23:00,146,3.51,12.1
03.08.2023 23:30,146,3.51,12.1
04.08.2023 00:00,146,3.51,12.1
04.08.2023 00:30,145,3.37,12.1
04.08.2023 01:00,145,3.37,12.1
04.08.2023 01:30,145,3.37,12.1
04.08.2023 02:00,145,3.37,12.1
04.08.2023 02:30,145,3.37,12.1
04.08.2023 03:00,145,3.37,12.1
04.08.2023 03:30,145,3.37,12.1
04.08.2023 04:00,145,3.37,12.1
04.08.2023 04:30,144,3.23,12.2
04.08.2023 05:00,144,3.23,12.2
04.08.2023 05:30,144,3.23,12.2
04.08.2023 06:00,145,3.37,12.2
04.08.2023 06:30,146,3.51,12.2
04.08.2023 07:00,144,3.23,12.3
04.08.2023 07:30,145,3.37,12.3
04.08.2023 08:00,144,3.23,12.3
04.08.2023 08:30,144,3.23,12.3
04.08.2023 09:00,144,3.23,12.3
04.08.2023 09:30,144,3.23,12.4
04.08.2023 10:00,144,3.23,12.4
04.08.2023 10:30,148,3.80,12.3
04.08.2023 11:00,152,4.39,12.4
04.08.2023 11:30,154,4.69,12.8
04.08.2023 12:00,168,6.95,13.0
04.08.2023 12:30,175,8.12,13.6
04.08.2023 13:00,183,9.55,14.0
04.08.2023 13:30,190,10.9,14.4
04.08.2023 14:00,222,17.1,14.5
04.08.2023 14:30,264,25.8,16.2
04.08.2023 15:00,298,32.6,18.0
04.08.2023 15:30,323,37.8,18.3
04.08.2023 16:00,345,43.3,17.7
04.08.2023 16:30,361,47.9,17.8
04.08.2023 17:00,371,51.0,17.8
04.08.2023 17:30,374,52.0,17.8
04.08.2023 18:00,370,50.7,17.7
04.08.2023 18:30,361,47.9,17.7
04.08.2023 19:00,349,44.4,17.6
04.08.2023 19:30,337,41.2,17.5
04.08.2023 20:00,324,38.0,17.3
04.08.2023 20:30,315,36.0,17.1
04.08.2023 21:00,308,34.6,16.9
04.08.2023 21:30,305,34.0,16.7
04.08.2023 22:00,304,33.8,16.6
04.08.2023 22:30,309,34.8,16.5
04.08.2023 23:00,318,36.7,16.5
04.08.2023 23:30,328,39.0,16.6
05.08.2023 00:00,338,41.5,16.6
05.08.2023 00:30,351,45.0,16.7
05.08.2023 01:00,364,48.8,16.7
05.08.2023 01:30,376,52.6,16.7
05.08.2023 02:00,385,55.7,16.7
05.08.2023 02:30,393,58.5,16.8
05.08.2023 03:00,400,61.1,16.8
05.08.2023 03:30,409,64.6,16.8
05.08.2023 04:00,416,67.5,16.8
05.08.2023 04:30,420,69.1,16.7
05.08.2023 05:00,421,69.6,16.7
05.08.2023 05:30,417,67.9,16.6
05.08.2023 06:00,411,65.4,16.5
05.08.2023 06:30,405,63.1,16.5
05.08.2023 07:00,399,60.8,16.2
05.08.2023 07:30,393,58.5,16.0
05.08.2023 08:00,388,56.7,15.9
05.08.2023 08:30,385,55.7,15.8
05.08.2023 09:00,377,52.9,15.7
05.08.2023 09:30,373,51.6,15.7
05.08.2023 10:00,370,50.7,15.6
05.08.2023 10:30,368,50.0,15.9
05.08.2023 11:00,366,49.4,16.0
05.08.2023 11:30,364,48.8,16.0
05.08.2023 12:00,361,47.9,16.0
05.08.2023 12:30,357,46.7,16.0
05.08.2023 13:00,352,45.2,16.0
05.08.2023 13:30,347,43.8,16.0
05.08.2023 14:00,340,42.0,16.0
05.08.2023 14:30,333,40.2,16.0
05.08.2023 15:00,325,38.3,16.0
05.08.2023 15:30,317,36.5,15.9
05.08.2023 16:00,311,35.2,15.9
05.08.2023 16:30,303,33.6,15.8
05.08.2023 17:00,296,32.2,15.6
05.08.2023 17:30,290,31.0,15.4
05.08.2023 18:00,285,30.0,15.5
05.08.2023 18:30,279,28.8,15.3
05.08.2023 19:00,274,27.8,15.1
05.08.2023 19:30,270,27.0,15.1
05.08.2023 20:00,266,26.2,15.0
05.08.2023 20:30,263,25.6,14.9
05.08.2023 21:00,258,24.5,14.9
05.08.2023 21:30,256,24.1,14.8
05.08.2023 22:00,252,23.3,14.6
05.08.2023 22:30,250,22.9,14.5
05.08.2023 23:00,247,22.3,14.5
05.08.2023 23:30,245,21.9,14.4
06.08.2023 00:00,242,21.2,14.3
06.08.2023 00:30,240,20.8,14.2
06.08.2023 01:00,238,20.4,14.2
06.08.2023 01:30,236,20.0,14.1
06.08.2023 02:00,234,19.6,14.0
06.08.2023 02:30,233,19.4,13.9
06.08.2023 03:00,231,19.0,13.9
06.08.2023 03:30,229,18.6,13.8
06.08.2023 04:00,230,18.8,13.8
06.08.2023 04:30,227,18.2,13.7
06.08.2023 05:00,225,17.7,13.7
06.08.2023 05:30,224,17.5,13.6
06.08.2023 06:00,223,17.3,13.5
06.08.2023 06:30,223,17.3,13.5
06.08.2023 07:00,221,16.9,13.4
06.08.2023 07:30,220,16.7,13.4
06.08.2023 08:00,218,16.3,13.4
06.08.2023 08:30,219,16.5,13.3
06.08.2023 09:00,217,16.1,13.3
06.08.2023 09:30,216,15.9,13.3
06.08.2023 10:00,216,15.9,13.3
06.08.2023 10:30,216,15.9,13.3
06.08.2023 11:00,215,15.7,13.2
06.08.2023 11:30,214,15.5,13.2
06.08.2023 12:00,214,15.5,13.2
06.08.2023 12:30,213,15.3,13.2
06.08.2023 13:00,215,15.7,13.2
06.08.2023 13:30,221,16.9,13.3
06.08.2023 14:00,224,17.5,13.5
06.08.2023 14:30,222,17.1,13.6
06.08.2023 15:00,221,16.9,13.5
06.08.2023 15:30,223,17.3,13.5
06.08.2023 16:00,223,17.3,13.5
06.08.2023 16:30,224,17.5,13.6
06.08.2023 17:00,226,17.9,13.7
06.08.2023 17:30,229,18.6,13.7
06.08.2023 18:00,230,18.8,13.8
06.08.2023 18:30,231,19.0,13.9
06.08.2023 19:00,232,19.2,13.9
06.08.2023 19:30,233,19.4,13.9
06.08.2023 20:00,233,19.4,13.9
06.08.2023 20:30,235,19.8,13.9
06.08.2023 21:00,235,19.8,13.9
06.08.2023 21:30,235,19.8,13.9
06.08.2023 22:00,235,19.8,13.9
06.08.2023 22:30,236,20.0,13.9
06.08.2023 23:00,237,20.2,13.9
06.08.2023 23:30,239,20.6,13.9
07.08.2023 00:00,240,20.8,13.9
07.08.2023 00:30,241,21.0,13.8
07.08.2023 01:00,241,21.0,13.8
07.08.2023 01:30,240,20.8,13.8
07.08.2023 02:00,239,20.6,13.7
07.08.2023 02:30,238,20.4,13.7
07.08.2023 03:00,236,20.0,13.6
07.08.2023 03:30,234,19.6,13.6
07.08.2023 04:00,233,19.4,13.5
07.08.2023 04:30,232,19.2,13.5
07.08.2023 05:00,230,18.8,13.4
07.08.2023 05:30,229,18.6,13.3
07.08.2023 06:00,228,18.4,13.3
07.08.2023 06:30,227,18.2,13.2
07.08.2023 07:00,226,17.9,13.2
07.08.2023 07:30,225,17.7,13.1
07.08.2023 08:00,223,17.3,13.1
07.08.2023 08:30,222,17.1,13.0
07.08.2023 09:00,222,17.1,13.0
07.08.2023 09:30,220,16.7,13.0
07.08.2023 10:00,220,16.7,13.0
07.08.2023 10:30,219,16.5,13.0
07.08.2023 11:00,219,16.5,13.0
07.08.2023 11:30,219,16.5,13.1
07.08.2023 12:00,219,16.5,13.1
07.08.2023 12:30,219,16.5,13.2
07.08.2023 13:00,219,16.5,13.2
07.08.2023 13:30,218,16.3,13.3
07.08.2023 14:00,217,16.1,13.3
07.08.2023 14:30,217,16.1,13.4
07.08.2023 15:00,216,15.9,13.5
07.08.2023 15:30,215,15.7,13.5
07.08.2023 16:00,214,15.5,13.6
07.08.2023 16:30,214,15.5,13.6
07.08.2023 17:00,213,15.3,13.6
07.08.2023 17:30,212,15.1,13.7
07.08.2023 18:00,212,15.1,13.7
07.08.2023 18:30,210,14.7,13.7
07.08.2023 19:00,209,14.5,13.7
07.08.2023 19:30,209,14.5,13.7
07.08.2023 20:00,208,14.3,13.7
07.08.2023 20:30,207,14.1,13.6
07.08.2023 21:00,207,14.1,13.6
07.08.2023 21:30,206,13.9,13.6
07.08.2023 22:00,206,13.9,13.6
07.08.2023 22:30,205,13.7,13.5
07.08.2023 23:00,205,13.7,13.5
07.08.2023 23:30,204,13.5,13.5
08.08.2023 00:00,206,13.9,13.4
08.08.2023 00:30,205,13.7,13.4
08.08.2023 01:00,203,13.3,13.3
08.08.2023 01:30,203,13.3,13.3
08.08.2023 02:00,203,13.3,13.2
08.08.2023 02:30,202,13.2,13.2
08.08.2023 03:00,202,13.2,13.1
08.08.2023 03:30,202,13.2,13.0
08.08.2023 04:00,201,13.0,13.0
08.08.2023 04:30,201,13.0,12.9
08.08.2023 05:00,201,13.0,12.9
08.08.2023 05:30,201,13.0,12.8
08.08.2023 06:00,200,12.8,12.8
08.08.2023 06:30,200,12.8,12.7
08.08.2023 07:00,200,12.8,12.7
08.08.2023 07:30,200,12.8,12.6
08.08.2023 08:00,199,12.6,12.6
08.08.2023 08:30,199,12.6,12.6
08.08.2023 09:00,199,12.6,12.6
08.08.2023 09:30,198,12.4,12.6
08.08.2023 10:00,198,12.4,12.6
08.08.2023 10:30,198,12.4,12.6
08.08.2023 11:00,198,12.4,12.6
08.08.2023 11:30,198,12.4,12.6
08.08.2023 12:00,198,12.4,12.7
08.08.2023 12:30,197,12.2,12.7
08.08.2023 13:00,196,12.0,12.7
08.08.2023 13:30,197,12.2,12.8
08.08.2023 14:00,196,12.0,12.8
08.08.2023 14:30,196,12.0,12.8
08.08.2023 15:00,195,11.8,12.8
08.08.2023 15:30,196,12.0,12.8
08.08.2023 16:00,195,11.8,12.8
08.08.2023 16:30,194,11.6,12.8
08.08.2023 17:00,194,11.6,12.9
08.08.2023 17:30,195,11.8,12.9
08.08.2023 18:00,194,11.6,12.9
08.08.2023 18:30,193,11.4,12.9
08.08.2023 19:00,193,11.4,12.9
08.08.2023 19:30,193,11.4,12.9
08.08.2023 20:00,193,11.4,12.9
08.08.2023 20:30,193,11.4,12.9
08.08.2023 21:00,192,11.2,12.9
08.08.2023 21:30,192,11.2,12.8
08.08.2023 22:00,192,11.2,12.8
08.08.2023 22:30,191,11.0,12.8
08.08.2023 23:00,192,11.2,12.8
08.08.2023 23:30,192,11.2,12.8
09.08.2023 00:00,191,11.0,12.7
09.08.2023 00:30,191,11.0,12.7
09.08.2023 01:00,191,11.0,12.7
09.08.2023 01:30,191,11.0,12.7
09.08.2023 02:00,191,11.0,12.7
09.08.2023 02:30,191,11.0,12.6
09.08.2023 03:00,191,11.0,12.6
09.08.2023 03:30,190,10.9,12.6
09.08.2023 04:00,190,10.9,12.5
09.08.2023 04:30,190,10.9,12.5
09.08.2023 05:00,190,10.9,12.5
09.08.2023 05:30,190,10.9,12.4
09.08.2023 06:00,190,10.9,12.4
09.08.2023 06:30,190,10.9,12.4
09.08.2023 07:00,190,10.9,12.4
09.08.2023 07:30,190,10.9,12.3
09.08.2023 08:00,189,10.7,12.3
09.08.2023 08:30,189,10.7,12.3
09.08.2023 09:00,189,10.7,12.3
09.08.2023 09:30,189,10.7,12.3
09.08.2023 10:00,189,10.7,12.3
09.08.2023 10:30,189,10.7,12.3
09.08.2023 11:00,189,10.7,12.4
09.08.2023 11:30,188,10.5,12.4
09.08.2023 12:00,189,10.7,12.4
09.08.2023 12:30,189,10.7,12.4
09.08.2023 13:00,188,10.5,12.5
09.08.2023 13:30,188,10.5,12.5
09.08.2023 14:00,188,10.5,12.5
09.08.2023 14:30,188,10.5,12.6
09.08.2023 15:00,188,10.5,12.6
09.08.2023 15:30,187,10.3,12.6
09.08.2023 16:00,186,10.1,12.6
09.08.2023 16:30,185,9.92,12.6
09.08.2023 17:00,184,9.74,12.6
09.08.2023 17:30,183,9.55,12.5
09.08.2023 18:00,183,9.55,12.4
09.08.2023 18:30,182,9.37,12.4
09.08.2023 19:00,182,9.37,12.3
09.08.2023 19:30,181,9.19,12.3
09.08.2023 20:00,182,9.37,12.3
09.08.2023 20:30,182,9.37,12.3
09.08.2023 21:00,181,9.19,12.2
09.08.2023 21:30,181,9.19,12.2
09.08.2023 22:00,181,9.19,12.2
09.08.2023 22:30,181,9.19,12.2
09.08.2023 23:00,180,9.01,12.2
09.08.2023 23:30,181,9.19,12.2
10.08.2023 00:00,181,9.19,12.2
10.08.2023 00:30,182,9.37,12.1
10.08.2023 01:00,182,9.37,12.1
10.08.2023 01:30,180,9.01,12.1
10.08.2023 02:00,181,9.19,12.1
10.08.2023 02:30,180,9.01,12.1
10.08.2023 03:00,180,9.01,12.1
10.08.2023 03:30,180,9.01,12.1
10.08.2023 04:00,180,9.01,12.1
10.08.2023 04:30,180,9.01,12.1
10.08.2023 05:00,180,9.01,12.0
10.08.2023 05:30,182,9.37,12.0
10.08.2023 06:00,180,9.01,12.0
10.08.2023 06:30,180,9.01,12.0
10.08.2023 07:00,180,9.01,12.0
10.08.2023 07:30,179,8.83,12.0
10.08.2023 08:00,179,8.83,12.0
10.08.2023 08:30,180,9.01,12.0
10.08.2023 09:00,180,9.01,12.0
10.08.2023 09:30,180,9.01,12.0
10.08.2023 10:00,179,8.83,12.1
10.08.2023 10:30,179,8.83,12.1
10.08.2023 11:00,179,8.83,12.1
10.08.2023 11:30,178,8.65,12.1
10.08.2023 12:00,176,8.29,12.2
10.08.2023 12:30,174,7.95,12.2
10.08.2023 13:00,172,7.62,12.1
10.08.2023 13:30,172,7.62,12.1
10.08.2023 14:00,170,7.28,12.0
10.08.2023 14:30,169,7.11,11.9
10.08.2023 15:00,168,6.95,11.8
10.08.2023 15:30,168,6.95,11.8
10.08.2023 16:00,168,6.95,11.7
10.08.2023 16:30,167,6.78,11.6
10.08.2023 17:00,167,6.78,11.6
10.08.2023 17:30,167,6.78,11.5
10.08.2023 18:00,166,6.62,11.5
10.08.2023 18:30,166,6.62,11.5
10.08.2023 19:00,166,6.62,11.4
10.08.2023 19:30,166,6.62,11.3
10.08.2023 20:00,165,6.45,11.3
10.08.2023 20:30,166,6.62,11.2
10.08.2023 21:00,166,6.62,11.2
10.08.2023 21:30,165,6.45,11.2
10.08.2023 22:00,165,6.45,11.1
10.08.2023 22:30,165,6.45,11.1
10.08.2023 23:00,165,6.45,11.1
10.08.2023 23:30,165,6.45,11.1
11.08.2023 00:00,164,6.29,11.1
11.08.2023 00:30,165,6.45,11.0
11.08.2023 01:00,164,6.29,11.0
11.08.2023 01:30,164,6.29,11.0
11.08.2023 02:00,165,6.45,11.0
11.08.2023 02:30,164,6.29,11.0
11.08.2023 03:00,164,6.29,11.0
11.08.2023 03:30,164,6.29,11.0
11.08.2023 04:00,164,6.29,11.0
11.08.2023 04:30,164,6.29,11.0
11.08.2023 05:00,164,6.29,10.9
11.08.2023 05:30,164,6.29,10.9
11.08.2023 06:00,164,6.29,10.9
11.08.2023 06:30,166,6.62,10.9
11.08.2023 07:00,165,6.45,10.9
11.08.2023 07:30,163,6.12,10.9
11.08.2023 08:00,164,6.29,10.9
11.08.2023 08:30,164,6.29,11.0
11.08.2023 09:00,163,6.12,11.0
11.08.2023 09:30,164,6.29,11.0
11.08.2023 10:00,164,6.29,11.1
11.08.2023 10:30,164,6.29,11.1
11.08.2023 11:00,163,6.12,11.2
11.08.2023 11:30,164,6.29,11.2
11.08.2023 12:00,163,6.12,11.3
11.08.2023 12:30,163,6.12,11.4
11.08.2023 13:00,163,6.12,11.4
11.08.2023 13:30,163,6.12,11.5
11.08.2023 14:00,163,6.12,11.5
11.08.2023 14:30,163,6.12,11.5
11.08.2023 15:00,163,6.12,11.5
11.08.2023 15:30,163,6.12,11.5
11.08.2023 16:00,163,6.12,11.5
11.08.2023 16:30,164,6.29,11.5
11.08.2023 17:00,165,6.45,11.6
11.08.2023 17:30,163,6.12,11.5
11.08.2023 18:00,162,5.96,11.5
11.08.2023 18:30,162,5.96,11.5
11.08.2023 19:00,162,5.96,11.4
11.08.2023 19:30,162,5.96,11.4
11.08.2023 20:00,162,5.96,11.3
11.08.2023 20:30,161,5.80,11.3
11.08.2023 21:00,161,5.80,11.2
11.08.2023 21:30,161,5.80,11.2
11.08.2023 22:00,161,5.80,11.1
11.08.2023 22:30,161,5.80,11.1
11.08.2023 23:00,161,5.80,11.1
11.08.2023 23:30,161,5.80,11.1
12.08.2023 00:00,161,5.80,11.0
12.08.2023 00:30,160,5.64,11.0
12.08.2023 01:00,160,5.64,11.0
12.08.2023 01:30,160,5.64,11.0
12.08.2023 02:00,160,5.64,11.0
12.08.2023 02:30,160,5.64,11.0
12.08.2023 03:00,160,5.64,11.0
12.08.2023 03:30,161,5.80,10.9
12.08.2023 04:00,160,5.64,10.9
12.08.2023 04:30,160,5.64,10.9
12.08.2023 05:00,160,5.64,10.9
12.08.2023 05:30,160,5.64,10.9
12.08.2023 06:00,160,5.64,10.9
12.08.2023 06:30,160,5.64,10.9
12.08.2023 07:00,160,5.64,10.9
12.08.2023 07:30,160,5.64,10.9
12.08.2023 08:00,160,5.64,10.9
12.08.2023 08:30,159,5.48,10.9
12.08.2023 09:00,160,5.64,10.9
12.08.2023 09:30,159,5.48,11.0
12.08.2023 10:00,159,5.48,11.0
12.08.2023 10:30,160,5.64,11.0
12.08.2023 11:00,159,5.48,11.1
12.08.2023 11:30,159,5.48,11.2
12.08.2023 12:00,159,5.48,11.2
12.08.2023 12:30,159,5.48,11.3
12.08.2023 13:00,159,5.48,11.3
12.08.2023 13:30,159,5.48,11.4
12.08.2023 14:00,159,5.48,11.4
12.08.2023 14:30,158,5.32,11.5
12.08.2023 15:00,159,5.48,11.5
12.08.2023 15:30,158,5.32,11.5
12.08.2023 16:00,158,5.32,11.5
12.08.2023 16:30,158,5.32,11.5
12.08.2023 17:00,159,5.48,11.5
12.08.2023 17:30,157,5.16,11.5
12.08.2023 18:00,158,5.32,11.5
12.08.2023 18:30,158,5.32,11.4
12.08.2023 19:00,157,5.16,11.4
12.08.2023 19:30,158,5.32,11.4
12.08.2023 20:00,158,5.32,11.3
12.08.2023 20:30,158,5.32,11.3
12.08.2023 21:00,159,5.48,11.2
12.08.2023 21:30,157,5.16,11.2
12.08.2023 22:00,157,5.16,11.1
12.08.2023 22:30,157,5.16,11.1
12.08.2023 23:00,157,5.16,11.1
12.08.2023 23:30,157,5.16,11.1
13.08.2023 00:00,157,5.16,11.1
13.08.2023 00:30,156,5.00,11.1
13.08.2023 01:00,156,5.00,11.0
13.08.2023 01:30,156,5.00,11.0
13.08.2023 02:00,156,5.00,11.0
13.08.2023 02:30,156,5.00,11.0
13.08.2023 03:00,156,5.00,11.0
13.08.2023 03:30,156,5.00,11.0
13.08.2023 04:00,156,5.00,11.0
13.08.2023 04:30,156,5.00,11.0
13.08.2023 05:00,156,5.00,11.0
13.08.2023 05:30,155,4.85,11.0
13.08.2023 06:00,156,5.00,11.0
13.08.2023 06:30,156,5.00,11.0
13.08.2023 07:00,156,5.00,11.0
13.08.2023 07:30,156,5.00,10.9
13.08.2023 08:00,155,4.85,10.9
13.08.2023 08:30,157,5.16,11.0
13.08.2023 09:00,155,4.85,11.0
13.08.2023 09:30,155,4.85,11.0
13.08.2023 10:00,155,4.85,11.0
13.08.2023 10:30,155,4.85,11.1
13.08.2023 11:00,155,4.85,11.1
13.08.2023 11:30,155,4.85,11.2
13.08.2023 12:00,157,5.16,11.3
13.08.2023 12:30,155,4.85,11.3
13.08.2023 13:00,155,4.85,11.4
13.08.2023 13:30,154,4.69,11.4
13.08.2023 14:00,154,4.69,11.5
13.08.2023 14:30,154,4.69,11.5
13.08.2023 15:00,154,4.69,11.6
13.08.2023 15:30,154,4.69,11.6
13.08.2023 16:00,153,4.54,11.6
13.08.2023 16:30,154,4.69,11.7
13.08.2023 17:00,154,4.69,11.7
13.08.2023 17:30,153,4.54,11.7
13.08.2023 18:00,153,4.54,11.7
13.08.2023 18:30,154,4.69,11.7
13.08.2023 19:00,153,4.54,11.7
13.08.2023 19:30,153,4.54,11.6
13.08.2023 20:00,153,4.54,11.6
13.08.2023 20:30,153,4.54,11.6
13.08.2023 21:00,153,4.54,11.5
13.08.2023 21:30,152,4.39,11.5
13.08.2023 22:00,152,4.39,11.4
13.08.2023 22:30,152,4.39,11.4
13.08.2023 23:00,152,4.39,11.4
13.08.2023 23:30,152,4.39,11.3
14.08.2023 00:00,152,4.39,11.3
14.08.2023 00:30,152,4.39,11.3
14.08.2023 01:00,152,4.39,11.3
14.08.2023 01:30,153,4.54,11.3
14.08.2023 02:00,152,4.39,11.2
14.08.2023 02:30,151,4.24,11.2
14.08.2023 03:00,151,4.24,11.2
14.08.2023 03:30,151,4.24,11.2
14.08.2023 04:00,151,4.24,11.2
14.08.2023 04:30,151,4.24,11.2
14.08.2023 05:00,151,4.24,11.2
14.08.2023 05:30,152,4.39,11.2
14.08.2023 06:00,151,4.24,11.1
14.08.2023 06:30,151,4.24,11.1
14.08.2023 07:00,151,4.24,11.1
14.08.2023 07:30,150,4.09,11.1
14.08.2023 08:00,150,4.09,11.1
14.08.2023 08:30,150,4.09,11.2
14.08.2023 09:00,150,4.09,11.2
14.08.2023 09:30,150,4.09,11.2
14.08.2023 10:00,150,4.09,11.2
14.08.2023 10:30,150,4.09,11.3
14.08.2023 11:00,150,4.09,11.3
14.08.2023 11:30,150,4.09,11.4
14.08.2023 12:00,150,4.09,11.5
14.08.2023 12:30,149,3.94,11.5
14.08.2023 13:00,150,4.09,11.6
14.08.2023 13:30,149,3.94,11.7
14.08.2023 14:00,149,3.94,11.7
14.08.2023 14:30,149,3.94,11.7
14.08.2023 15:00,149,3.94,11.8
14.08.2023 15:30,149,3.94,11.8
14.08.2023 16:00,149,3.94,11.8
14.08.2023 16:30,149,3.94,11.8
14.08.2023 17:00,149,3.94,11.8
14.08.2023 17:30,149,3.94,11.7
14.08.2023 18:00,149,3.94,11.7
14.08.2023 18:30,149,3.94,11.7
14.08.2023 19:00,148,3.80,11.7
14.08.2023 19:30,148,3.80,11.6
14.08.2023 20:00,148,3.80,11.6
14.08.2023 20:30,148,3.80,11.5
14.08.2023 21:00,148,3.80,11.5
14.08.2023 21:30,148,3.80,11.4
14.08.2023 22:00,148,3.80,11.4
14.08.2023 22:30,148,3.80,11.4
14.08.2023 23:00,147,3.65,11.3
14.08.2023 23:30,147,3.65,11.3
15.08.2023 00:00,147,3.65,11.3
15.08.2023 00:30,147,3.65,11.2
15.08.2023 01:00,147,3.65,11.2
15.08.2023 01:30,147,3.65,11.2
15.08.2023 02:00,147,3.65,11.2
15.08.2023 02:30,147,3.65,11.2
15.08.2023 03:00,147,3.65,11.1
15.08.2023 03:30,146,3.51,11.1
15.08.2023 04:00,146,3.51,11.1
15.08.2023 04:30,148,3.80,11.1
15.08.2023 05:00,146,3.51,11.1
15.08.2023 05:30,148,3.80,11.1
15.08.2023 06:00,146,3.51,11.1
15.08.2023 06:30,146,3.51,11.1
15.08.2023 07:00,146,3.51,11.1
15.08.2023 07:30,146,3.51,11.1
15.08.2023 08:00,146,3.51,11.1
15.08.2023 08:30,146,3.51,11.1
15.08.2023 09:00,146,3.51,11.1
15.08.2023 09:30,146,3.51,11.2
15.08.2023 10:00,145,3.37,11.2
15.08.2023 10:30,145,3.37,11.3
15.08.2023 11:00,145,3.37,11.3
15.08.2023 11:30,145,3.37,11.4
15.08.2023 12:00,146,3.51,11.5
15.08.2023 12:30,145,3.37,11.6
15.08.2023 13:00,145,3.37,11.7
15.08.2023 13:30,145,3.37,11.8
15.08.2023 14:00,144,3.23,11.8
15.08.2023 14:30,144,3.23,11.9
15.08.2023 15:00,144,3.23,11.9
15.08.2023 15:30,144,3.23,11.9
15.08.2023 16:00,145,3.37,11.9
15.08.2023 16:30,144,3.23,11.9
15.08.2023 17:00,144,3.23,11.9
15.08.2023 17:30,144,3.23,12.0
15.08.2023 18:00,144,3.23,12.0
15.08.2023 18:30,144,3.23,11.9
15.08.2023 19:00,143,3.09,11.9
15.08.2023 19:30,144,3.23,11.9
15.08.2023 20:00,144,3.23,11.9
15.08.2023 20:30,143,3.09,11.8
15.08.2023 21:00,143,3.09,11.8
15.08.2023 21:30,143,3.09,11.8
15.08.2023 22:00,143,3.09,11.7
15.08.2023 22:30,142,2.96,11.7
15.08.2023 23:00,142,2.96,11.7
15.08.2023 23:30,142,2.96,11.7
16.08.2023 00:00,142,2.96,11.7
16.08.2023 00:30,142,2.96,11.8
16.08.2023 01:00,142,2.96,11.8
16.08.2023 01:30,142,2.96,11.8
16.08.2023 02:00,142,2.96,11.8
16.08.2023 02:30,142,2.96,11.8
16.08.2023 03:00,141,2.83,11.8
16.08.2023 03:30,141,2.83,11.7
16.08.2023 04:00,141,2.83,11.8
16.08.2023 04:30,141,2.83,11.7
16.08.2023 05:00,141,2.83,11.8
16.08.2023 05:30,141,2.83,11.8
16.08.2023 06:00,141,2.83,11.8
16.08.2023 06:30,141,2.83,11.7
16.08.2023 07:00,141,2.83,11.7
16.08.2023 07:30,141,2.83,11.7
16.08.2023 08:00,140,2.70,11.8
16.08.2023 08:30,141,2.83,11.8
16.08.2023 09:00,141,2.83,11.7
16.08.2023 09:30,140,2.70,11.7
16.08.2023 10:00,140,2.70,11.9
16.08.2023 10:30,142,2.96,11.9
16.08.2023 11:00,140,2.70,11.9
16.08.2023 11:30,140,2.70,11.9
16.08.2023 12:00,140,2.70,12.0
16.08.2023 12:30,140,2.70,12.1
16.08.2023 13:00,140,2.70,12.1
16.08.2023 13:30,140,2.70,12.1
16.08.2023 14:00,140,2.70,12.2
16.08.2023 14:30,140,2.70,12.3
16.08.2023 15:00,139,2.57,12.3
16.08.2023 15:30,139,2.57,12.3
16.08.2023 16:00,140,2.70,12.3
16.08.2023 16:30,140,2.70,12.3
16.08.2023 17:00,140,2.70,12.3
16.08.2023 17:30,140,2.70,12.4
16.08.2023 18:00,140,2.70,12.4
16.08.2023 18:30,139,2.57,12.5
16.08.2023 19:00,139,2.57,12.5
16.08.2023 19:30,139,2.57,12.5
16.08.2023 20:00,139,2.57,12.5
16.08.2023 20:30,138,2.44,12.5
16.08.2023 21:00,138,2.44,12.5
16.08.2023 21:30,138,2.44,12.5
16.08.2023 22:00,138,2.44,12.4
16.08.2023 22:30,138,2.44,12.4
16.08.2023 23:00,138,2.44,12.3
16.08.2023 23:30,137,2.32,12.3
17.08.2023 00:00,137,2.32,12.2
17.08.2023 00:30,138,2.44,12.2
17.08.2023 01:00,137,2.32,12.3
17.08.2023 01:30,137,2.32,12.3
17.08.2023 02:00,137,2.32,12.2
17.08.2023 02:30,137,2.32,12.1
17.08.2023 03:00,137,2.32,12.1
17.08.2023 03:30,137,2.32,12.1
17.08.2023 04:00,136,2.19,12.0
17.08.2023 04:30,136,2.19,12.1
17.08.2023 05:00,137,2.32,12.0
17.08.2023 05:30,137,2.32,12.0
17.08.2023 06:00,136,2.19,11.9
17.08.2023 06:30,138,2.44,11.9
17.08.2023 07:00,137,2.32,11.9
17.08.2023 07:30,136,2.19,11.9
17.08.2023 08:00,137,2.32,12.0
17.08.2023 08:30,136,2.19,11.9
17.08.2023 09:00,136,2.19,11.9
17.08.2023 09:30,136,2.19,11.9
17.08.2023 10:00,136,2.19,12.0
17.08.2023 10:30,136,2.19,12.0
17.08.2023 11:00,136,2.19,12.0
17.08.2023 11:30,136,2.19,12.1
17.08.2023 12:00,136,2.19,12.2
17.08.2023 12:30,136,2.19,12.3
17.08.2023 13:00,136,2.19,12.3
17.08.2023 13:30,136,2.19,12.3
17.08.2023 14:00,136,2.19,12.4
17.08.2023 14:30,136,2.19,12.4
17.08.2023 15:00,136,2.19,12.4
17.08.2023 15:30,137,2.32,12.5
17.08.2023 16:00,137,2.32,12.6
17.08.2023 16:30,136,2.19,12.7
17.08.2023 17:00,136,2.19,12.7
17.08.2023 17:30,136,2.19,12.7
17.08.2023 18:00,136,2.19,12.7
17.08.2023 18:30,135,2.08,12.7
17.08.2023 19:00,135,2.08,12.7
17.08.2023 19:30,135,2.08,12.7
17.08.2023 20:00,135,2.08,12.7
17.08.2023 20:30,135,2.08,12.6
17.08.2023 21:00,135,2.08,12.6
17.08.2023 21:30,135,2.08,12.6
17.08.2023 22:00,134,1.96,12.6
17.08.2023 22:30,134,1.96,12.5
17.08.2023 23:00,134,1.96,12.5
17.08.2023 23:30,134,1.96,12.5
18.08.2023 00:00,135,2.08,12.5
18.08.2023 00:30,134,1.96,12.5
18.08.2023 01:00,134,1.96,12.5
18.08.2023 01:30,134,1.96,12.4
18.08.2023 02:00,134,1.96,12.4
18.08.2023 02:30,133,1.84,12.4
18.08.2023 03:00,133,1.84,12.3
18.08.2023 03:30,133,1.84,12.4
18.08.2023 04:00,133,1.84,12.4
18.08.2023 04:30,133,1.84,12.4
18.08.2023 05:00,133,1.84,12.4
18.08.2023 05:30,133,1.84,12.4
18.08.2023 06:00,133,1.84,12.4
18.08.2023 06:30,133,1.84,12.4
18.08.2023 07:00,133,1.84,12.4
18.08.2023 07:30,133,1.84,12.4
18.08.2023 08:00,132,1.73,12.4
18.08.2023 08:30,132,1.73,12.3
18.08.2023 09:00,132,1.73,12.3
18.08.2023 09:30,132,1.73,12.3
18.08.2023 10:00,132,1.73,12.3
18.08.2023 10:30,132,1.73,12.3
18.08.2023 11:00,132,1.73,12.3
18.08.2023 11:30,132,1.73,12.3
18.08.2023 12:00,131,1.62,12.4
18.08.2023 12:30,132,1.73,12.4
18.08.2023 13:00,133,1.84,12.5
18.08.2023 13:30,132,1.73,12.6
18.08.2023 14:00,131,1.62,12.6
18.08.2023 14:30,131,1.62,12.6
18.08.2023 15:00,132,1.73,12.6
18.08.2023 15:30,134,1.96,12.6
18.08.2023 16:00,132,1.73,12.6
18.08.2023 16:30,132,1.73,12.6
18.08.2023 17:00,132,1.73,12.7
18.08.2023 17:30,132,1.73,12.8
18.08.2023 18:00,132,1.73,12.8
18.08.2023 18:30,133,1.84,12.8
18.08.2023 19:00,131,1.62,12.8
18.08.2023 19:30,131,1.62,12.8
18.08.2023 20:00,131,1.62,12.8
18.08.2023 20:30,131,1.62,12.8
18.08.2023 21:00,131,1.62,12.8
18.08.2023 21:30,131,1.62,12.8
18.08.2023 22:00,131,1.62,12.8
18.08.2023 22:30,131,1.62,12.8
18.08.2023 23:00,130,1.52,12.8
18.08.2023 23:30,130,1.52,12.7
19.08.2023 00:00,130,1.52,12.7
19.08.2023 00:30,130,1.52,12.7
19.08.2023 01:00,130,1.52,12.7
19.08.2023 01:30,130,1.52,12.7
19.08.2023 02:00,130,1.52,12.7
19.08.2023 02:30,130,1.52,12.6
19.08.2023 03:00,130,1.52,12.6
19.08.2023 03:30,130,1.52,12.6
19.08.2023 04:00,130,1.52,12.6
19.08.2023 04:30,130,1.52,12.6
19.08.2023 05:00,129,1.41,12.6
19.08.2023 05:30,130,1.52,12.6
19.08.2023 06:00,130,1.52,12.6
19.08.2023 06:30,129,1.41,12.6
19.08.2023 07:00,130,1.52,12.6
19.08.2023 07:30,129,1.41,12.6
19.08.2023 08:00,129,1.41,12.6
19.08.2023 08:30,129,1.41,12.7
19.08.2023 09:00,129,1.41,12.7
19.08.2023 09:30,129,1.41,12.7
19.08.2023 10:00,130,1.52,12.7
19.08.2023 10:30,129,1.41,12.7
19.08.2023 11:00,129,1.41,12.8
19.08.2023 11:30,129,1.41,12.8
19.08.2023 12:00,129,1.41,12.9
19.08.2023 12:30,129,1.41,12.9
19.08.2023 13:00,128,1.31,13.0
19.08.2023 13:30,129,1.41,13.1
19.08.2023 14:00,129,1.41,13.1
19.08.2023 14:30,128,1.31,13.2
19.08.2023 15:00,129,1.41,13.3
19.08.2023 15:30,129,1.41,13.3
19.08.2023 16:00,129,1.41,13.4
19.08.2023 16:30,128,1.31,13.4
19.08.2023 17:00,128,1.31,13.4
19.08.2023 17:30,128,1.31,13.5
19.08.2023 18:00,128,1.31,13.5
19.08.2023 18:30,128,1.31,13.5
19.08.2023 19:00,129,1.41,13.5
19.08.2023 19:30,128,1.31,13.6
19.08.2023 20:00,128,1.31,13.6
19.08.2023 20:30,128,1.31,13.6
19.08.2023 21:00,128,1.31,13.6
19.08.2023 21:30,128,1.31,13.5
19.08.2023 22:00,128,1.31,13.5
19.08.2023 22:30,127,1.21,13.5
19.08.2023 23:00,129,1.41,13.4
19.08.2023 23:30,128,1.31,13.3
20.08.2023 00:00,128,1.31,13.3
20.08.2023 00:30,128,1.31,13.2
20.08.2023 01:00,128,1.31,13.2
20.08.2023 01:30,128,1.31,13.1
20.08.2023 02:00,127,1.21,13.1
20.08.2023 02:30,127,1.21,13.0
20.08.2023 03:00,128,1.31,13.0
20.08.2023 03:30,127,1.21,13.0
20.08.2023 04:00,127,1.21,12.9
20.08.2023 04:30,127,1.21,12.9
20.08.2023 05:00,127,1.21,12.9
20.08.2023 05:30,127,1.21,12.8
20.08.2023 06:00,127,1.21,12.8
20.08.2023 06:30,128,1.31,12.8
20.08.2023 07:00,127,1.21,12.7
20.08.2023 07:30,127,1.21,12.7
20.08.2023 08:00,126,1.12,12.7
20.08.2023 08:30,127,1.21,12.7
20.08.2023 09:00,127,1.21,12.8
20.08.2023 09:30,128,1.31,12.8
20.08.2023 10:00,127,1.21,12.8
20.08.2023 10:30,127,1.21,12.9
20.08.2023 11:00,127,1.21,13.0
20.08.2023 11:30,127,1.21,13.0
20.08.2023 12:00,127,1.21,13.1
20.08.2023 12:30,127,1.21,13.2
20.08.2023 13:00,127,1.21,13.3
20.08.2023 13:30,127,1.21,13.3
20.08.2023 14:00,127,1.21,13.4
20.08.2023 14:30,127,1.21,13.4
20.08.2023 15:00,127,1.21,13.5
20.08.2023 15:30,127,1.21,13.6
20.08.2023 16:00,127,1.21,13.6
20.08.2023 16:30,127,1.21,13.7
20.08.2023 17:00,127,1.21,13.7
20.08.2023 17:30,127,1.21,13.7
20.08.2023 18:00,126,1.12,13.8
20.08.2023 18:30,126,1.12,13.8
20.08.2023 19:00,126,1.12,13.8
20.08.2023 19:30,126,1.12,13.9
20.08.2023 20:00,126,1.12,13.9
20.08.2023 20:30,125,1.03,13.9
20.08.2023 21:00,126,1.12,13.9
20.08.2023 21:30,127,1.21,13.9
20.08.2023 22:00,126,1.12,13.8
20.08.2023 22:30,128,1.31,13.8
20.08.2023 23:00,126,1.12,13.8
20.08.2023 23:30,126,1.12,13.7
21.08.2023 00:00,126,1.12,13.6
21.08.2023 00:30,126,1.12,13.6
21.08.2023 01:00,126,1.12,13.5
21.08.2023 01:30,126,1.12,13.5
21.08.2023 02:00,126,1.12,13.4
21.08.2023 02:30,126,1.12,13.3
21.08.2023 03:00,125,1.03,13.3
21.08.2023 03:30,126,1.12,13.2
21.08.2023 04:00,126,1.12,13.2
21.08.2023 04:30,126,1.12,13.1
21.08.2023 05:00,126,1.12,13.0
21.08.2023 05:30,126,1.12,13.0
21.08.2023 06:00,126,1.12,13.0
21.08.2023 06:30,126,1.12,12.9
21.08.2023 07:00,125,1.03,12.9
21.08.2023 07:30,126,1.12,12.9
21.08.2023 08:00,126,1.12,12.9
21.08.2023 08:30,125,1.03,12.9
21.08.2023 09:00,126,1.12,12.9
21.08.2023 09:30,126,1.12,12.9
21.08.2023 10:00,127,1.21,12.9
21.08.2023 10:30,126,1.12,12.9
21.08.2023 11:00,126,1.12,13.0
21.08.2023 11:30,125,1.03,13.0
21.08.2023 12:00,125,1.03,13.1
21.08.2023 12:30,126,1.12,13.2
21.08.2023 13:00,125,1.03,13.2
21.08.2023 13:30,125,1.03,13.3
21.08.2023 14:00,126,1.12,13.4
21.08.2023 14:30,127,1.21,13.4
21.08.2023 15:00,128,1.31,13.5
21.08.2023 15:30,130,1.52,13.6
21.08.2023 16:00,132,1.73,13.6
21.08.2023 16:30,133,1.84,13.6
21.08.2023 17:00,132,1.73,13.7
21.08.2023 17:30,133,1.84,13.7
21.08.2023 18:00,133,1.84,13.8
21.08.2023 18:30,133,1.84,13.9
21.08.2023 19:00,133,1.84,14.2
21.08.2023 19:30,133,1.84,14.5
21.08.2023 20:00,133,1.84,14.9
21.08.2023 20:30,133,1.84,15.0
21.08.2023 21:00,133,1.84,15.1
21.08.2023 21:30,133,1.84,15.2
21.08.2023 22:00,133,1.84,15.2
21.08.2023 22:30,133,1.84,15.2
21.08.2023 23:00,133,1.84,15.2
21.08.2023 23:30,132,1.73,15.3
22.08.2023 00:00,133,1.84,15.3
22.08.2023 00:30,133,1.84,15.3
22.08.2023 01:00,133,1.84,15.3
22.08.2023 01:30,133,1.84,15.3
22.08.2023 02:00,134,1.96,15.3
22.08.2023 02:30,133,1.84,15.2
22.08.2023 03:00,132,1.73,15.2
22.08.2023 03:30,132,1.73,15.1
22.08.2023 04:00,132,1.73,15.0
22.08.2023 04:30,133,1.84,15.0
22.08.2023 05:00,132,1.73,14.9
22.08.2023 05:30,133,1.84,14.8
22.08.2023 06:00,132,1.73,14.8
22.08.2023 06:30,132,1.73,14.6
22.08.2023 07:00,132,1.73,14.6
22.08.2023 07:30,132,1.73,14.6
22.08.2023 08:00,133,1.84,14.5
22.08.2023 08:30,133,1.84,14.5
22.08.2023 09:00,133,1.84,14.5
22.08.2023 09:30,133,1.84,14.5
22.08.2023 10:00,133,1.84,14.5
22.08.2023 10:30,132,1.73,14.5
22.08.2023 11:00,132,1.73,14.5
22.08.2023 11:30,132,1.73,14.5
22.08.2023 12:00,132,1.73,14.5
22.08.2023 12:30,132,1.73,14.5
22.08.2023 13:00,134,1.96,14.6
22.08.2023 13:30,132,1.73,14.6
22.08.2023 14:00,132,1.73,14.6
22.08.2023 14:30,133,1.84,14.6
22.08.2023 15:00,133,1.84,14.7
22.08.2023 15:30,133,1.84,14.8
22.08.2023 16:00,134,1.96,14.8
22.08.2023 16:30,134,1.96,14.9
22.08.2023 17:00,135,2.08,14.9
22.08.2023 17:30,136,2.19,14.9
22.08.2023 18:00,136,2.19,14.9
22.08.2023 18:30,135,2.08,14.9
22.08.2023 19:00,135,2.08,14.9
22.08.2023 19:30,135,2.08,15.0
22.08.2023 20:00,135,2.08,15.0
22.08.2023 20:30,135,2.08,15.0
22.08.2023 21:00,135,2.08,15.0
22.08.2023 21:30,134,1.96,15.1
22.08.2023 22:00,135,2.08,15.1
22.08.2023 22:30,135,2.08,15.1
22.08.2023 23:00,135,2.08,15.1
22.08.2023 23:30,135,2.08,15.1
23.08.2023 00:00,135,2.08,15.1
23.08.2023 00:30,135,2.08,15.1
23.08.2023 01:00,135,2.08,15.1
23.08.2023 01:30,134,1.96,15.1
23.08.2023 02:00,134,1.96,15.1
23.08.2023 02:30,135,2.08,15.1
23.08.2023 03:00,135,2.08,15.1
23.08.2023 03:30,136,2.19,15.1
23.08.2023 04:00,135,2.08,15.0
23.08.2023 04:30,135,2.08,15.0
23.08.2023 05:00,135,2.08,15.0
23.08.2023 05:30,135,2.08,15.0
23.08.2023 06:00,135,2.08,15.0
23.08.2023 06:30,135,2.08,15.0
23.08.2023 07:00,135,2.08,15.0
23.08.2023 07:30,135,2.08,15.0
23.08.2023 08:00,135,2.08,14.9
23.08.2023 08:30,135,2.08,14.9
23.08.2023 09:00,134,1.96,14.9
23.08.2023 09:30,135,2.08,14.9
23.08.2023 10:00,135,2.08,14.9
23.08.2023 10:30,136,2.19,15.0
23.08.2023 11:00,135,2.08,15.0
23.08.2023 11:30,134,1.96,15.0
23.08.2023 12:00,135,2.08,15.0
23.08.2023 12:30,134,1.96,15.1
23.08.2023 13:00,134,1.96,15.1
23.08.2023 13:30,135,2.08,15.1
23.08.2023 14:00,134,1.96,15.2
23.08.2023 14:30,134,1.96,15.2
23.08.2023 15:00,135,2.08,15.2
23.08.2023 15:30,134,1.96,15.3
23.08.2023 16:00,136,2.19,15.3
23.08.2023 16:30,135,2.08,15.4
23.08.2023 17:00,135,2.08,15.4
23.08.2023 17:30,135,2.08,15.4
23.08.2023 18:00,136,2.19,15.4
23.08.2023 18:30,134,1.96,15.5
23.08.2023 19:00,136,2.19,15.5
23.08.2023 19:30,134,1.96,15.5
23.08.2023 20:00,134,1.96,15.5
23.08.2023 20:30,134,1.96,15.5
23.08.2023 21:00,134,1.96,15.5
23.08.2023 21:30,134,1.96,15.5
23.08.2023 22:00,134,1.96,15.4
23.08.2023 22:30,134,1.96,15.4
23.08.2023 23:00,134,1.96,15.4
23.08.2023 23:30,135,2.08,15.4
24.08.2023 00:00,134,1.96,15.4
24.08.2023 00:30,134,1.96,15.4
24.08.2023 01:00,135,2.08,15.4
24.08.2023 01:30,134,1.96,15.4
24.08.2023 02:00,134,1.96,15.4
24.08.2023 02:30,134,1.96,15.4
24.08.2023 03:00,134,1.96,15.4
24.08.2023 03:30,134,1.96,15.4
24.08.2023 04:00,134,1.96,15.4
24.08.2023 04:30,134,1.96,15.4
24.08.2023 05:00,134,1.96,15.4
24.08.2023 05:30,134,1.96,15.4
24.08.2023 06:00,135,2.08,15.4
24.08.2023 06:30,134,1.96,15.3
24.08.2023 07:00,134,1.96,15.3
24.08.2023 07:30,134,1.96,15.3
24.08.2023 08:00,134,1.96,15.3
24.08.2023 08:30,134,1.96,15.3
24.08.2023 09:00,134,1.96,15.3
24.08.2023 09:30,134,1.96,15.3
24.08.2023 10:00,134,1.96,15.3
24.08.2023 10:30,134,1.96,15.3
24.08.2023 11:00,134,1.96,15.3
24.08.2023 11:30,134,1.96,15.3
24.08.2023 12:00,134,1.96,15.3
24.08.2023 12:30,134,1.96,15.4
24.08.2023 13:00,135,2.08,15.4
24.08.2023 13:30,135,2.08,15.4
24.08.2023 14:00,134,1.96,15.5
24.08.2023 14:30,134,1.96,15.5
24.08.2023 15:00,134,1.96,15.5
24.08.2023 15:30,134,1.96,15.6
24.08.2023 16:00,134,1.96,15.6
24.08.2023 16:30,134,1.96,15.6
24.08.2023 17:00,134,1.96,15.6
24.08.2023 17:30,134,1.96,15.7
24.08.2023 18:00,134,1.96,15.7
24.08.2023 18:30,134,1.96,15.7
24.08.2023 19:00,134,1.96,15.7
24.08.2023 19:30,133,1.84,15.8
24.08.2023 20:00,134,1.96,15.7
24.08.2023 20:30,134,1.96,15.8
24.08.2023 21:00,134,1.96,15.8
24.08.2023 21:30,133,1.84,15.7
24.08.2023 22:00,134,1.96,15.7
24.08.2023 22:30,134,1.96,15.7
24.08.2023 23:00,134,1.96,15.7
24.08.2023 23:30,134,1.96,15.7
25.08.2023 00:00,134,1.96,15.7
25.08.2023 00:30,134,1.96,15.7
25.08.2023 01:00,134,1.96,15.7
25.08.2023 01:30,133,1.84,15.7
25.08.2023 02:00,134,1.96,15.7
25.08.2023 02:30,134,1.96,15.7
25.08.2023 03:00,134,1.96,15.7
25.08.2023 03:30,133,1.84,15.7
25.08.2023 04:00,134,1.96,15.7
25.08.2023 04:30,134,1.96,15.6
25.08.2023 05:00,134,1.96,15.6
25.08.2023 05:30,134,1.96,15.6
25.08.2023 06:00,134,1.96,15.6
25.08.2023 06:30,134,1.96,15.6
25.08.2023 07:00,134,1.96,15.5
25.08.2023 07:30,134,1.96,15.5
25.08.2023 08:00,134,1.96,15.5
25.08.2023 08:30,134,1.96,15.5
25.08.2023 09:00,134,1.96,15.5
25.08.2023 09:30,133,1.84,15.5
25.08.2023 10:00,134,1.96,15.5
25.08.2023 10:30,133,1.84,15.5
25.08.2023 11:00,134,1.96,15.5
25.08.2023 11:30,134,1.96,15.5
25.08.2023 12:00,134,1.96,15.5
25.08.2023 12:30,133,1.84,15.5
25.08.2023 13:00,134,1.96,15.6
25.08.2023 13:30,133,1.84,15.6
25.08.2023 14:00,133,1.84,15.7
25.08.2023 14:30,132,1.73,15.7
25.08.2023 15:00,132,1.73,15.7
25.08.2023 15:30,132,1.73,15.8
25.08.2023 16:00,132,1.73,15.8
25.08.2023 16:30,132,1.73,15.8
25.08.2023 17:00,133,1.84,15.8
25.08.2023 17:30,133,1.84,15.8
25.08.2023 18:00,133,1.84,15.8
25.08.2023 18:30,133,1.84,15.8
25.08.2023 19:00,132,1.73,15.8
25.08.2023 19:30,133,1.84,15.9
25.08.2023 20:00,133,1.84,15.9
25.08.2023 20:30,133,1.84,15.9
25.08.2023 21:00,133,1.84,15.9
25.08.2023 21:30,133,1.84,15.9
25.08.2023 22:00,133,1.84,15.9
25.08.2023 22:30,133,1.84,15.9
25.08.2023 23:00,132,1.73,15.8
25.08.2023 23:30,132,1.73,15.8
26.08.2023 00:00,133,1.84,15.8
26.08.2023 00:30,133,1.84,15.8
26.08.2023 01:00,133,1.84,15.8
26.08.2023 01:30,132,1.73,15.8
26.08.2023 02:00,132,1.73,15.7
26.08.2023 02:30,132,1.73,15.7
26.08.2023 03:00,132,1.73,15.7
26.08.2023 03:30,133,1.84,15.7
26.08.2023 04:00,133,1.84,15.7
26.08.2023 04:30,133,1.84,15.7
26.08.2023 05:00,133,1.84,15.7
26.08.2023 05:30,132,1.73,15.7
26.08.2023 06:00,133,1.84,15.7
26.08.2023 06:30,133,1.84,15.7
26.08.2023 07:00,133,1.84,15.6
26.08.2023 07:30,132,1.73,15.6
26.08.2023 08:00,132,1.73,15.6
26.08.2023 08:30,132,1.73,15.6
26.08.2023 09:00,132,1.73,15.5
26.08.2023 09:30,132,1.73,15.5
26.08.2023 10:00,133,1.84,15.5
26.08.2023 10:30,132,1.73,15.6
26.08.2023 11:00,132,1.73,15.6
26.08.2023 11:30,132,1.73,15.6
26.08.2023 12:00,132,1.73,15.6
26.08.2023 12:30,132,1.73,15.7
26.08.2023 13:00,132,1.73,15.7
26.08.2023 13:30,132,1.73,15.7
26.08.2023 14:00,132,1.73,15.8
26.08.2023 14:30,132,1.73,15.8
26.08.2023 15:00,132,1.73,15.8
26.08.2023 15:30,133,1.84,15.8
26.08.2023 16:00,132,1.73,15.9
26.08.2023 16:30,132,1.73,15.9
26.08.2023 17:00,133,1.84,15.9
26.08.2023 17:30,132,1.73,16.0
26.08.2023 18:00,132,1.73,16.0
26.08.2023 18:30,132,1.73,16.0
26.08.2023 19:00,132,1.73,16.0
26.08.2023 19:30,132,1.73,16.0
26.08.2023 20:00,132,1.73,16.0
26.08.2023 20:30,132,1.73,16.0
26.08.2023 21:00,132,1.73,16.0
26.08.2023 21:30,132,1.73,16.0
26.08.2023 22:00,132,1.73,16.0
26.08.2023 22:30,132,1.73,16.0
26.08.2023 23:00,132,1.73,16.0
26.08.2023 23:30,132,1.73,16.0
27.08.2023 00:00,132,1.73,15.9
27.08.2023 00:30,132,1.73,15.9
27.08.2023 01:00,132,1.73,15.9
27.08.2023 01:30,132,1.73,15.9
27.08.2023 02:00,132,1.73,15.9
27.08.2023 02:30,132,1.73,15.9
27.08.2023 03:00,132,1.73,15.9
27.08.2023 03:30,132,1.73,15.8
27.08.2023 04:00,132,1.73,15.8
27.08.2023 04:30,132,1.73,15.8
27.08.2023 05:00,132,1.73,15.8
27.08.2023 05:30,132,1.73,15.8
27.08.2023 06:00,132,1.73,15.8
27.08.2023 06:30,132,1.73,15.7
27.08.2023 07:00,132,1.73,15.7
27.08.2023 07:30,133,1.84,15.7
27.08.2023 08:00,132,1.73,15.7
27.08.2023 08:30,132,1.73,15.6
27.08.2023 09:00,132,1.73,15.6
27.08.2023 09:30,132,1.73,15.6
27.08.2023 10:00,131,1.62,15.6
27.08.2023 10:30,132,1.73,15.7
27.08.2023 11:00,132,1.73,15.7
27.08.2023 11:30,132,1.73,15.7
27.08.2023 12:00,132,1.73,15.7
27.08.2023 12:30,132,1.73,15.7
27.08.2023 13:00,131,1.62,15.8
27.08.2023 13:30,132,1.73,15.8
27.08.2023 14:00,131,1.62,15.8
27.08.2023 14:30,131,1.62,15.8
27.08.2023 15:00,132,1.73,15.9
27.08.2023 15:30,132,1.73,15.9
27.08.2023 16:00,132,1.73,15.9
27.08.2023 16:30,132,1.73,15.9
27.08.2023 17:00,131,1.62,16.0
27.08.2023 17:30,131,1.62,16.0
27.08.2023 18:00,132,1.73,16.0
27.08.2023 18:30,132,1.73,16.1
27.08.2023 19:00,132,1.73,16.1
27.08.2023 19:30,131,1.62,16.1
27.08.2023 20:00,132,1.73,16.1
27.08.2023 20:30,132,1.73,16.1
27.08.2023 21:00,131,1.62,16.1
27.08.2023 21:30,132,1.73,16.1
27.08.2023 22:00,132,1.73,16.1
27.08.2023 22:30,132,1.73,16.1
27.08.2023 23:00,132,1.73,16.1
27.08.2023 23:30,132,1.73,16.1
28.08.2023 00:00,133,1.84,16.0
28.08.2023 00:30,132,1.73,16.0
28.08.2023 01:00,132,1.73,16.0
28.08.2023 01:30,132,1.73,16.0
28.08.2023 02:00,132,1.73,16.0
28.08.2023 02:30,131,1.62,16.0
28.08.2023 03:00,133,1.84,16.0
28.08.2023 03:30,132,1.73,16.0
28.08.2023 04:00,132,1.73,16.0
28.08.2023 04:30,131,1.62,16.0
28.08.2023 05:00,132,1.73,16.0
28.08.2023 05:30,132,1.73,16.0
28.08.2023 06:00,132,1.73,16.0
28.08.2023 06:30,132,1.73,16.0
28.08.2023 07:00,131,1.62,16.0
28.08.2023 07:30,132,1.73,16.0
28.08.2023 08:00,132,1.73,15.9
28.08.2023 08:30,132,1.73,15.9
28.08.2023 09:00,131,1.62,15.9
28.08.2023 09:30,131,1.62,15.9
28.08.2023 10:00,133,1.84,15.9
28.08.2023 10:30,132,1.73,15.9
28.08.2023 11:00,132,1.73,15.9
28.08.2023 11:30,131,1.62,15.9
28.08.2023 12:00,132,1.73,15.9
28.08.2023 12:30,132,1.73,15.9
28.08.2023 13:00,131,1.62,15.9
28.08.2023 13:30,132,1.73,15.9
28.08.2023 14:00,133,1.84,16.0
28.08.2023 14:30,133,1.84,16.0
28.08.2023 15:00,133,1.84,16.0
28.08.2023 15:30,133,1.84,16.0
28.08.2023 16:00,132,1.73,16.1
28.08.2023 16:30,133,1.84,16.1
28.08.2023 17:00,132,1.73,16.1
28.08.2023 17:30,147,3.65,16.2
28.08.2023 18:00,177,8.47,16.9
28.08.2023 18:30,195,11.8,17.1
28.08.2023 19:00,191,11.0,17.0
28.08.2023 19:30,191,11.0,17.4
28.08.2023 20:00,193,11.4,17.8
28.08.2023 20:30,193,11.4,17.9
28.08.2023 21:00,196,12.0,18.2
28.08.2023 21:30,203,13.3,18.4
28.08.2023 22:00,214,15.5,18.4
28.08.2023 22:30,224,17.5,18.0
28.08.2023 23:00,229,18.6,17.9
28.08.2023 23:30,232,19.2,18.0
29.08.2023 00:00,232,19.2,18.0
29.08.2023 00:30,230,18.8,17.9
29.08.2023 01:00,225,17.7,17.9
29.08.2023 01:30,218,16.3,17.8
29.08.2023 02:00,212,15.1,17.8
29.08.2023 02:30,204,13.5,17.8
29.08.2023 03:00,197,12.2,17.8
29.08.2023 03:30,191,11.0,17.7
29.08.2023 04:00,186,10.1,17.6
29.08.2023 04:30,183,9.55,17.5
29.08.2023 05:00,179,8.83,17.4
29.08.2023 05:30,175,8.12,17.3
29.08.2023 06:00,172,7.62,17.2
29.08.2023 06:30,171,7.45,17.1
29.08.2023 07:00,168,6.95,17.1
29.08.2023 07:30,167,6.78,17.0
29.08.2023 08:00,165,6.45,16.9
29.08.2023 08:30,163,6.12,16.9
29.08.2023 09:00,162,5.96,16.8
29.08.2023 09:30,160,5.64,16.8
29.08.2023 10:00,160,5.64,16.8
29.08.2023 10:30,158,5.32,16.8
29.08.2023 11:00,157,5.16,16.8
29.08.2023 11:30,157,5.16,16.8
29.08.2023 12:00,156,5.00,16.8
29.08.2023 12:30,155,4.85,16.8
29.08.2023 13:00,154,4.69,16.8
29.08.2023 13:30,153,4.54,16.8
29.08.2023 14:00,153,4.54,16.9
29.08.2023 14:30,152,4.39,16.9
29.08.2023 15:00,152,4.39,16.9
29.08.2023 15:30,152,4.39,16.9
29.08.2023 16:00,151,4.24,16.9
29.08.2023 16:30,150,4.09,16.9
29.08.2023 17:00,149,3.94,16.9
29.08.2023 17:30,149,3.94,16.9
29.08.2023 18:00,149,3.94,16.9
29.08.2023 18:30,148,3.80,16.8
29.08.2023 19:00,148,3.80,16.8
29.08.2023 19:30,148,3.80,16.8
29.08.2023 20:00,148,3.80,16.8
29.08.2023 20:30,148,3.80,16.8
29.08.2023 21:00,147,3.65,16.9
29.08.2023 21:30,146,3.51,17.0
29.08.2023 22:00,146,3.51,17.0
29.08.2023 22:30,146,3.51,16.9
29.08.2023 23:00,146,3.51,16.9
29.08.2023 23:30,145,3.37,16.9
30.08.2023 00:00,145,3.37,16.8
30.08.2023 00:30,145,3.37,16.7
